abhay@make-it-all.co.uk,#Abhay123
charlie@make-it-all.co.uk,#Charlie123
christo@make-it-all.co.uk,#Christo123
dragos@make-it-all.co.uk,#Dragos123
jevan@make-it-all.co.uk,#Jevan123
kieran@make-it-all.co.uk,#Kieran123
nishad@make-it-all.co.uk,#Nishad123
